Index	Area	EnemyName1	EnemyName2	EnemyName3	EnemyName4	EnemyName5	Floors
4294967295		Comet Emperor					
16	Lapis Crystal Cave	Comet Emperor					
16	Lapis Crystal Cave	Calamity Crystal Beast					
16	Lapis Crystal Cave	Cosmic Shell					
16	Lapis Crystal Cave	Flower Gardener	Stone Golem				
16	Lapis Crystal Cave	Flower Gardener	Meteorite Doll				
16	Lapis Crystal Cave	Man o' War	Stone Golem				
16	Lapis Crystal Cave	Man o' War	Stone Golem	Stone Golem			
16	Lapis Crystal Cave	Meteorite Doll	Stone Golem	Stone Golem			
16	Lapis Crystal Cave	Carrier	Stone Golem	Meteorite Doll			
16	Lapis Crystal Cave	Carrier	Meteorite Doll	Meteorite Doll			
16	Lapis Crystal Cave	Meteorite Doll	Flower Gardener				
16	Lapis Crystal Cave	Carrier	Carrier				
16	Lapis Crystal Cave	Meteorite Doll	Black Shell				
16	Lapis Crystal Cave	Carrier	Meteorite Doll	Meteorite Doll			
16	Lapis Crystal Cave	Man o' War	Black Shell				
16	Lapis Crystal Cave	Tricker	Stone Golem				
16	Lapis Crystal Cave	Stone Golem	Meteorite Doll	Tricker			
16	Lapis Crystal Cave	Scare Phantom	Stone Golem				
16	Lapis Crystal Cave	Stone Golem	Scare Phantom	Stone Golem			
16	Lapis Crystal Cave	Stone Golem	Meteorite Doll	Stone Golem			
16	Lapis Crystal Cave	Carrier	Stone Golem	Meteorite Doll			
16	Lapis Crystal Cave	Carrier	Tricker	Meteorite Doll			
16	Lapis Crystal Cave	Meteorite Doll	Tricker				
16	Lapis Crystal Cave	Carrier	Carrier				
16	Lapis Crystal Cave	Meteorite Doll	Funny Face				
16	Lapis Crystal Cave	Carrier	Meteorite Doll	Meteorite Doll			
16	Lapis Crystal Cave	Scare Phantom	Funny Face				
9	Baynort Road	Jagd Wolf	Jagd Wolf				
9	Baynort Road	Jagd Wolf	Chaos Blossom				
9	Baynort Road	Hide Stalker	Red Puni	Red Puni			
9	Baynort Road	Hide Stalker	Massive Beak				
9	Baynort Road	Massive Beak	Massive Beak				
9	Baynort Road	Dreamcatcher	Dreamcatcher				
9	Baynort Road	Jagd Wolf	Dreamcatcher	Dreamcatcher			
9	Baynort Road	Red Puni	Red Puni				
9	Baynort Road	Chaos Blossom	Dreamcatcher				
9	Baynort Road	Hide Stalker	Dreamcatcher				
9	Baynort Road	Jagd Wolf	Jagd Wolf				
9	Baynort Road	Jagd Wolf	Scare Phantom				
9	Baynort Road	Funny Face	Red Puni	Red Puni			
9	Baynort Road	Funny Face	Red Puni	Massive Beak			
9	Baynort Road	Massive Beak	Massive Beak				
9	Baynort Road	Immortal Knight	Immortal Knight				
9	Baynort Road	Jagd Wolf	Immortal Knight	Immortal Knight			
9	Baynort Road	Red Puni	Red Puni				
9	Baynort Road	Scare Phantom	Immortal Knight				
9	Baynort Road	Funny Face	Immortal Knight				
9	Baynort Road	Colossal Night Bird					
9	Baynort Road	Huge Wolf					
9	Baynort Road	Mega Wyvern					
10	Blyde Grasslands	Funny Face	Funny Face	Funny Face			
9	Baynort Road	Dreamcatcher	Dreamcatcher	Dreamcatcher			
3	Forgotten Ruins	Puni	Green Puni				
3	Forgotten Ruins	Puni	Green Puni				
3	Forgotten Ruins	Flower Pixie	Lickshroom				
3	Forgotten Ruins	Flower Pixie	Lickshroom				
3	Forgotten Ruins	Giant Weasel	Giant Weasel				
3	Forgotten Ruins	Giant Weasel	Giant Weasel				
3	Forgotten Ruins	Purple Puppet	Purple Puppet				
3	Forgotten Ruins	Purple Puppet	Purple Puppet				
3	Forgotten Ruins	Purple Puppet	Purple Puppet				
3	Forgotten Ruins	Puni	Green Puni				
3	Forgotten Ruins	Puni	Green Puni				
3	Forgotten Ruins	Ghost	Lickshroom				
3	Forgotten Ruins	Ghost	Lickshroom				
3	Forgotten Ruins	Haunt	Haunt				
3	Forgotten Ruins	Haunt	Haunt				
3	Forgotten Ruins	Fanged Bat	Fanged Bat				
3	Forgotten Ruins	Fanged Bat	Fanged Bat				
3	Forgotten Ruins	Fanged Bat	Fanged Bat				
3	Forgotten Ruins	Lunaria Angel					
3	Forgotten Ruins	Diamond Golem					
36	Loiky Lava Cave	Despair Beast					
24	Evermaze Forest	Wood Golem					
25	Evermaze Forest	Overwhelming Bird					
23	Evermaze Forest	Giant Puni					
28	Dripcrystal Cave	Heavy Warrior Armor					
29	Dripcrystal Cave	Cluster Beetle					
27	Dripcrystal Cave	Mirage Lizard					
32	Mt. Bone-Eater	Griffon					
33	Mt. Bone-Eater	Savage Assassin					
31	Mt. Bone-Eater	King of Storms					
36	Loiky Lava Cave	Despair Beast					
37	Loiky Lava Cave	Abyssal Tyrant					
35	Loiky Lava Cave	Venomous Threat					
40	Darklit Tundra	Ancient Phantom					
41	Darklit Tundra	Wandering Woe					
39	Darklit Tundra	Elegant Spirit Beast					
44	Ancient Capital Corridors	Mirage Lizard					
26	Evermaze Forest	Wood Golem					
26	Evermaze Forest	Overwhelming Bird					
26	Evermaze Forest	Giant Puni					
30	Dripcrystal Cave	Heavy Warrior Armor					
30	Dripcrystal Cave	Calamity Crystal Beast					
30	Dripcrystal Cave	Mirage Lizard					
34	Mt. Bone-Eater	Griffon					
34	Mt. Bone-Eater	Savage Assassin					
34	Mt. Bone-Eater	King of Storms					
38	Loiky Lava Cave	Despair Beast					
38	Loiky Lava Cave	Abyssal Tyrant					
38	Loiky Lava Cave	Venomous Threat					
42	Darklit Tundra	Ancient Phantom					
42	Darklit Tundra	Wandering Woe					
42	Darklit Tundra	Elegant Spirit Beast					
3	Forgotten Ruins	Fanged Bat					
5	????	Fanged Bat					
3	Forgotten Ruins	Fanged Bat	Fanged Bat				
4	????	Giant Weasel					
4	????	Giant Weasel	Giant Weasel				
3	Forgotten Ruins	Rock Golem					
24	Evermaze Forest	Wood Golem					
11	Lemna Marsh	Sprinting Bird	Wolf	Wolf			
28	Dripcrystal Cave	Heavy Warrior Armor					
21	Hall of the Fallen Dragon	Red Dragon Kerscha					
9	Baynort Road	Giant Weasel					
11	Lemna Marsh	Spooky Fear					
13	Hill of Prayer	Giant Weasel					
9	Baynort Road	Giant Weasel					
9	Baynort Road	Giant Weasel					
9	Baynort Road	Giant Weasel					
12	Sentinel Pass	Giant Weasel					
22	Evermaze Forest	Forest Jellyfish	Puni				
22	Evermaze Forest	Flower Pixie	Lickshroom				
22	Evermaze Forest	Horned Sheep					
7	Val Mine	Puni	Fanged Bat				
7	Val Mine	Puni	Fanged Bat				
7	Val Mine	Puni	Fanged Bat				
7	Val Mine	Green Puni	Fanged Bat				
7	Val Mine	Green Puni	Fanged Bat				
7	Val Mine	Hexagon Turtle	Stone Golem				
7	Val Mine	Hexagon Turtle	Stone Golem				
7	Val Mine	Hexagon Turtle	Stone Golem				
7	Val Mine	Purple Puppet	Lickshroom				
7	Val Mine	Purple Puppet	Lickshroom				
7	Val Mine	Fanged Bat	Hexagon Turtle				
7	Val Mine	Puni	Fanged Bat				
7	Val Mine	Puni	Fanged Bat				
7	Val Mine	Puni	Fanged Bat				
7	Val Mine	Green Puni	Fanged Bat				
7	Val Mine	Green Puni	Fanged Bat				
7	Val Mine	Ghost	Stone Golem				
7	Val Mine	Ghost	Stone Golem				
7	Val Mine	Ghost	Stone Golem				
7	Val Mine	Ghost	Haunt				
7	Val Mine	Ghost	Haunt				
7	Val Mine	Fanged Bat	Fanged Bat				
7	Val Mine	Puni	Fanged Bat	Puni			
7	Val Mine	Hexagon Turtle	Hexagon Turtle	Haunt			
7	Val Mine	Haunt	Purple Puppet	Green Puni			
7	Val Mine	Big Puni					
7	Val Mine	Mine Guardian					
7	Val Mine	Dark Sovereign					
14	Garden of Serenity	Sprinting Bird					
14	Garden of Serenity	Sprinting Bird					
14	Garden of Serenity	Sprinting Bird					
14	Garden of Serenity	Flower Puni	Green Puni				
14	Garden of Serenity	Flower Puni	Green Puni				
14	Garden of Serenity	Dryad	Dryad				
14	Garden of Serenity	Dryad	Dryad				
14	Garden of Serenity	Dryad	Dryad				
14	Garden of Serenity	Flower Pixie	Flower Pixie				
14	Garden of Serenity	Flower Pixie	Flower Pixie				
14	Garden of Serenity	Lickshroom	Flower Puni				
14	Garden of Serenity	Lickshroom	Flower Puni				
14	Garden of Serenity	Sprinting Bird					
14	Garden of Serenity	Sprinting Bird					
14	Garden of Serenity	Sprinting Bird					
14	Garden of Serenity	Flower Puni	Green Puni				
14	Garden of Serenity	Flower Puni	Green Puni				
14	Garden of Serenity	Ghost	Ghost				
14	Garden of Serenity	Ghost	Ghost				
14	Garden of Serenity	Ghost	Ghost				
14	Garden of Serenity	Haunt	Haunt				
14	Garden of Serenity	Haunt	Haunt				
14	Garden of Serenity	Dryad	Ghost				
14	Garden of Serenity	Dryad	Ghost				
14	Garden of Serenity	King of Storms					
14	Garden of Serenity	Moonlight Pixie					
14	Garden of Serenity	Elder Fairy					
10	Blyde Grasslands	Horned Sheep	Horned Sheep				
10	Blyde Grasslands	Horned Sheep	Horned Sheep				
10	Blyde Grasslands	Wolf	Wolf				
10	Blyde Grasslands	Wolf	Wolf				
10	Blyde Grasslands	Wolf	Wolf				
10	Blyde Grasslands	Puni	Green Puni	Puni			
10	Blyde Grasslands	Puni	Green Puni	Puni			
10	Blyde Grasslands	Puni	Green Puni	Puni			
10	Blyde Grasslands	Horned Sheep	Wolf	Horned Sheep			
10	Blyde Grasslands	Horned Sheep	Wolf	Horned Sheep			
10	Blyde Grasslands	Horned Sheep	Wolf	Horned Sheep			
10	Blyde Grasslands	Spore Dog	Spore Dog				
10	Blyde Grasslands	Spore Dog	Spore Dog				
10	Blyde Grasslands	Giant Weasel	Giant Weasel				
10	Blyde Grasslands	Giant Weasel	Giant Weasel				
10	Blyde Grasslands	Ghost	Ghost				
10	Blyde Grasslands	Ghost	Ghost				
10	Blyde Grasslands	Wolf	Wolf				
10	Blyde Grasslands	Wolf	Wolf				
10	Blyde Grasslands	Wolf	Wolf				
10	Blyde Grasslands	Puni	Green Puni	Puni			
10	Blyde Grasslands	Puni	Green Puni	Puni			
10	Blyde Grasslands	Puni	Green Puni	Puni			
10	Blyde Grasslands	Ghost	Wolf	Ghost			
10	Blyde Grasslands	Ghost	Wolf	Ghost			
10	Blyde Grasslands	Ghost	Wolf	Ghost			
10	Blyde Grasslands	Haunt	Haunt				
10	Blyde Grasslands	Haunt	Haunt				
10	Blyde Grasslands	Dryad	Dryad				
10	Blyde Grasslands	Dryad	Dryad				
10	Blyde Grasslands	Wolf	Horned Sheep	Wolf			
10	Blyde Grasslands	Spore Dog	Spore Dog	Giant Weasel			
10	Blyde Grasslands	Dryad	Dryad	Green Puni			
10	Blyde Grasslands	Extra-Large Mushroom					
10	Blyde Grasslands	Extra-Large Mushroom					
10	Blyde Grasslands	Countless Feelers					
10	Blyde Grasslands	Jagd Wolf	Jagd Wolf				
11	Lemna Marsh	Wolf	Wolf				
11	Lemna Marsh	Wolf	Wolf				
11	Lemna Marsh	Green Puni	Flower Puni				
11	Lemna Marsh	Green Puni	Flower Puni				
11	Lemna Marsh	Green Puni	Flower Puni				
11	Lemna Marsh	Bluefin	Bluefin				
11	Lemna Marsh	Bluefin	Bluefin				
11	Lemna Marsh	Bluefin	Bluefin				
11	Lemna Marsh	Zephyr Pixie	Zephyr Pixie				
11	Lemna Marsh	Zephyr Pixie	Zephyr Pixie				
11	Lemna Marsh	Sprinting Bird	Zephyr Pixie	Green Puni			
11	Lemna Marsh	Sprinting Bird	Zephyr Pixie	Green Puni			
11	Lemna Marsh	Wolf	Wolf				
11	Lemna Marsh	Wolf	Wolf				
11	Lemna Marsh	Green Puni	Flower Puni				
11	Lemna Marsh	Green Puni	Flower Puni				
11	Lemna Marsh	Green Puni	Flower Puni				
11	Lemna Marsh	Dryad	Dryad				
11	Lemna Marsh	Dryad	Dryad				
11	Lemna Marsh	Dryad	Dryad				
11	Lemna Marsh	Haunt	Haunt				
11	Lemna Marsh	Haunt	Haunt				
11	Lemna Marsh	Green Puni	Haunt	Ghost			
11	Lemna Marsh	Green Puni	Haunt	Ghost			
11	Lemna Marsh	Bluefin	Zephyr Pixie	Bluefin			
11	Lemna Marsh	Flower Puni	Flower Puni	Dryad			
11	Lemna Marsh	Sprinting Bird	Sprinting Bird				
11	Lemna Marsh	Weasel Mother					
11	Lemna Marsh	Giant Sheep					
11	Lemna Marsh	Coldspell					
12	Sentinel Pass	Mini Wyvern	Mini Wyvern				
12	Sentinel Pass	Mini Wyvern	Mini Wyvern				
12	Sentinel Pass	Zephyr Feather	Zephyr Feather				
12	Sentinel Pass	Zephyr Feather	Zephyr Feather				
12	Sentinel Pass	Flower Puni	Bluefin				
12	Sentinel Pass	Flower Puni	Bluefin				
12	Sentinel Pass	Flower Puni	Bluefin				
12	Sentinel Pass	Dryad	Dryad				
12	Sentinel Pass	Dryad	Dryad				
12	Sentinel Pass	Dryad	Dryad				
12	Sentinel Pass	Mini Wyvern	Horned Sheep	Flower Puni			
12	Sentinel Pass	Mini Wyvern	Horned Sheep	Flower Puni			
12	Sentinel Pass	Mini Wyvern	Mini Wyvern				
12	Sentinel Pass	Mini Wyvern	Mini Wyvern				
12	Sentinel Pass	Zephyr Feather	Zephyr Feather				
12	Sentinel Pass	Zephyr Feather	Zephyr Feather				
12	Sentinel Pass	Flower Puni	Haunt				
12	Sentinel Pass	Flower Puni	Haunt				
12	Sentinel Pass	Flower Puni	Haunt				
12	Sentinel Pass	Ghost	Ghost				
12	Sentinel Pass	Ghost	Ghost				
12	Sentinel Pass	Ghost	Ghost				
12	Sentinel Pass	Mini Wyvern	Blue Puppet	Flower Puni			
12	Sentinel Pass	Mini Wyvern	Blue Puppet	Flower Puni			
13	Hill of Prayer	Mini Wyvern	Mini Wyvern				
13	Hill of Prayer	Mini Wyvern	Mini Wyvern				
13	Hill of Prayer	Mini Wyvern	Mini Wyvern				
13	Hill of Prayer	Mini Wyvern	Mini Wyvern				
13	Hill of Prayer	Zephyr Feather	Zephyr Feather				
13	Hill of Prayer	Flower Puni	Bluefin				
13	Hill of Prayer	Flower Puni	Bluefin				
13	Hill of Prayer	Ice Flower Spirit	Ice Flower Spirit				
13	Hill of Prayer	Ice Flower Spirit	Ice Flower Spirit				
13	Hill of Prayer	Mini Wyvern	Ashen Wool	Flower Puni			
13	Hill of Prayer	Mini Wyvern	Ashen Wool	Flower Puni			
13	Hill of Prayer	Mini Wyvern	Mini Wyvern				
13	Hill of Prayer	Mini Wyvern	Mini Wyvern				
13	Hill of Prayer	Mini Wyvern	Mini Wyvern				
13	Hill of Prayer	Mini Wyvern	Mini Wyvern				
13	Hill of Prayer	Zephyr Feather	Zephyr Feather				
13	Hill of Prayer	Flower Puni	Scare Phantom				
13	Hill of Prayer	Flower Puni	Scare Phantom				
13	Hill of Prayer	Bleed, Wings of Calamity	Bleed, Wings of Calamity				
13	Hill of Prayer	Bleed, Wings of Calamity	Bleed, Wings of Calamity				
13	Hill of Prayer	Mini Wyvern	Flower Puni	Living Armor			
13	Hill of Prayer	Mini Wyvern	Flower Puni	Living Armor			
13	Hill of Prayer	Mini Wyvern	Zephyr Feather				
13	Hill of Prayer	Ashen Wool	Ashen Wool	Flower Puni			
13	Hill of Prayer	Bleed, Wings of Calamity	Blue Puppet	Ice Flower Spirit			
13	Hill of Prayer	Colossus Golem					
13	Hill of Prayer	Queen Specter					
15	Cape Petal	Mini Wyvern	Wolf				
15	Cape Petal	Mini Wyvern	Wolf				
15	Cape Petal	Mini Wyvern	Wolf				
15	Cape Petal	Mini Wyvern	Wolf				
15	Cape Petal	Mini Wyvern	Wolf				
15	Cape Petal	Hexagon Turtle	Hexagon Turtle				
15	Cape Petal	Hexagon Turtle	Hexagon Turtle				
15	Cape Petal	Wild Crest	Wild Crest				
15	Cape Petal	Wild Crest	Wild Crest				
15	Cape Petal	Wild Crest	Wild Crest				
15	Cape Petal	Black Shell	Black Shell				
15	Cape Petal	Black Shell	Black Shell				
15	Cape Petal	Black Shell	Black Shell				
15	Cape Petal	Black Shell	Black Shell				
15	Cape Petal	Black Shell	Wild Crest	Ice Flower Spirit			
15	Cape Petal	Black Shell	Wild Crest	Ice Flower Spirit			
15	Cape Petal	Black Shell	Wild Crest	Ice Flower Spirit			
15	Cape Petal	Mini Wyvern	Wolf				
15	Cape Petal	Mini Wyvern	Wolf				
15	Cape Petal	Mini Wyvern	Wolf				
15	Cape Petal	Mini Wyvern	Wolf				
15	Cape Petal	Mini Wyvern	Wolf				
15	Cape Petal	Hexagon Turtle	Hexagon Turtle				
15	Cape Petal	Hexagon Turtle	Hexagon Turtle				
15	Cape Petal	Man o' War	Man o' War				
15	Cape Petal	Man o' War	Man o' War				
15	Cape Petal	Man o' War	Man o' War				
15	Cape Petal	Funny Face	Funny Face				
15	Cape Petal	Funny Face	Funny Face				
15	Cape Petal	Funny Face	Funny Face				
15	Cape Petal	Funny Face	Funny Face				
15	Cape Petal	Man o' War	Funny Face	Scare Phantom			
15	Cape Petal	Man o' War	Funny Face	Scare Phantom			
15	Cape Petal	Man o' War	Funny Face	Scare Phantom			
15	Cape Petal	Demon of Betrayal					
15	Cape Petal	Walking Mountain					
15	Cape Petal	Colossal Night Bird					
8	Folmin Mine	Carrier	Carrier				
8	Folmin Mine	Meteorite Doll	Meteorite Doll				
8	Folmin Mine	Rock Puppet	Rock Puppet				
8	Folmin Mine	Red Puppet	Red Puppet				
8	Folmin Mine	Carrier	Meteorite Doll	Carrier			
8	Folmin Mine	Red Puppet	Green Puppet	Red Puppet			
8	Folmin Mine	Meteorite Doll	Meteorite Doll				
8	Folmin Mine	Rock Puppet	Rock Puppet				
8	Folmin Mine	Desert Turtle	Desert Turtle				
8	Folmin Mine	Green Puppet	Green Puppet				
8	Folmin Mine	Red Puppet	Red Puppet				
8	Folmin Mine	Carrier	Meteorite Doll	Carrier			
8	Folmin Mine	Carrier	Carrier				
8	Folmin Mine	Meteorite Doll	Meteorite Doll				
8	Folmin Mine	Rock Puppet	Rock Puppet				
8	Folmin Mine	Scare Phantom	Scare Phantom				
8	Folmin Mine	Funny Face	Carrier	Funny Face			
8	Folmin Mine	Immortal Knight	Funny Face	Immortal Knight			
8	Folmin Mine	Meteorite Doll	Meteorite Doll				
8	Folmin Mine	Rock Puppet	Rock Puppet				
8	Folmin Mine	Immortal Knight	Immortal Knight				
8	Folmin Mine	Funny Face	Funny Face				
8	Folmin Mine	Scare Phantom	Scare Phantom				
8	Folmin Mine	Funny Face	Carrier	Funny Face			
8	Folmin Mine	Cavern's Sentinel					
8	Folmin Mine	Spooky Fear					
8	Folmin Mine	Medusa					
17	Shooting Star Lake	Mighty Hauler					
17	Shooting Star Lake	Desert Lagoon					
17	Shooting Star Lake	Elder Fang	Elder Fang				
17	Shooting Star Lake	Elder Fang	Platinum Flower				
17	Shooting Star Lake	Big Green Puni	Fairystone Puppet				
17	Shooting Star Lake	Fairystone Puppet	Platinum Flower	Platinum Flower			
17	Shooting Star Lake	Fairystone Puppet	Platinum Flower				
17	Shooting Star Lake	Burning Rose	Burning Rose				
17	Shooting Star Lake	Desert Turtle	Desert Turtle				
17	Shooting Star Lake	Burning Rose	Fairystone Puppet	Desert Turtle			
17	Shooting Star Lake	Fairystone Puppet	Fairystone Puppet				
17	Shooting Star Lake	Burning Rose	Big Green Puni				
17	Shooting Star Lake	Burning Rose	Burning Rose				
17	Shooting Star Lake	Elder Fang	Burning Rose				
17	Shooting Star Lake	Burning Rose	Platinum Flower	Elder Fang			
17	Shooting Star Lake	Desert Turtle	Platinum Flower	Platinum Flower			
17	Shooting Star Lake	Big Green Puni	Big Green Puni				
17	Shooting Star Lake	Magical Parasol	Magical Parasol				
17	Shooting Star Lake	Magical Parasol	Devil Horn				
17	Shooting Star Lake	Big Green Puni	Fairystone Puppet				
17	Shooting Star Lake	Fairystone Puppet	Devil Horn	Devil Horn			
17	Shooting Star Lake	Fairystone Puppet	Devil Horn				
17	Shooting Star Lake	Desert Turtle	Deep Phantom	Deep Phantom			
17	Shooting Star Lake	Desert Turtle	Desert Turtle				
17	Shooting Star Lake	Deep Phantom	Fairystone Puppet	Desert Turtle			
17	Shooting Star Lake	Fairystone Puppet	Fairystone Puppet				
17	Shooting Star Lake	Deep Phantom	Big Green Puni				
17	Shooting Star Lake	Deep Phantom	Deep Phantom				
17	Shooting Star Lake	Magical Parasol	Deep Phantom				
17	Shooting Star Lake	Deep Phantom	Devil Horn	Magical Parasol			
17	Shooting Star Lake	Desert Turtle	Devil Horn	Devil Horn			
17	Shooting Star Lake	Big Green Puni	Big Green Puni				
18	Meridie Volcano	Fireflower					
18	Meridie Volcano	Alchemy Pot					
18	Meridie Volcano	Black Reaper					
18	Meridie Volcano	Calamity Crystal Beast					
18	Meridie Volcano	Metal Golem	Prism Shell	Prism Shell			
18	Meridie Volcano	Metal Golem	Metal Golem				
18	Meridie Volcano	Dinosaur	Prism Shell				
18	Meridie Volcano	Draconic Lord	Metal Golem	Metal Golem			
18	Meridie Volcano	Stout Drake	Draconic Lord				
18	Meridie Volcano	Dinosaur	Metal Golem				
18	Meridie Volcano	Stout Drake	Stout Drake				
18	Meridie Volcano	Prism Shell	Prism Shell	Prism Shell			
18	Meridie Volcano	Big Red Puni	Prism Shell				
18	Meridie Volcano	Dinosaur	Big Red Puni				
18	Meridie Volcano	Draconic Lord	Draconic Lord				
18	Meridie Volcano	Metal Golem	Metal Golem				
18	Meridie Volcano	Big Red Puni	Metal Golem	Metal Golem			
18	Meridie Volcano	Dinosaur	Draconic Lord				
18	Meridie Volcano	Metal Golem	Yellow Puppet	Yellow Puppet			
18	Meridie Volcano	Metal Golem	Metal Golem				
18	Meridie Volcano	Dinosaur	Yellow Puppet				
18	Meridie Volcano	Metal Golem	Deep Phantom				
18	Meridie Volcano	Deep Phantom	Devil Horn	Devil Horn			
18	Meridie Volcano	Dinosaur	Metal Golem				
18	Meridie Volcano	Devil Horn	Devil Horn	Devil Horn			
18	Meridie Volcano	Yellow Puppet	Yellow Puppet	Yellow Puppet			
18	Meridie Volcano	Big Red Puni	Yellow Puppet				
18	Meridie Volcano	Big Red Puni	Dinosaur				
18	Meridie Volcano	Deep Phantom	Deep Phantom				
18	Meridie Volcano	Metal Golem	Metal Golem				
18	Meridie Volcano	Big Red Puni	Metal Golem	Metal Golem			
18	Meridie Volcano	Deep Phantom	Dinosaur				
19	Ancient Temple	Phantom Wyrm					
19	Ancient Temple	Leonine Raptor					
19	Ancient Temple	Baleful Spirit Beast					
19	Ancient Temple	Abyssal Tyrant					
19	Ancient Temple	Abyssal Chevalier					
19	Ancient Temple	Deep Phantom	Draconic Lord				
19	Ancient Temple	Draconic Lord	Draconic Lord				
19	Ancient Temple	Elder Fang	Elder Fang				
19	Ancient Temple	Funny Face	Elder Fang				
19	Ancient Temple	Elder Fang	Magician's Hat				
19	Ancient Temple	Magical Parasol	Burning Rose				
19	Ancient Temple	Burning Rose	Burning Rose				
19	Ancient Temple	Dinosaur	Dinosaur				
19	Ancient Temple	Funny Face	Dinosaur				
19	Ancient Temple	Dinosaur	Magician's Hat	Magician's Hat			
19	Ancient Temple	Deep Phantom	Green Puppet	Green Puppet			
19	Ancient Temple	Deep Phantom	Deep Phantom				
20	Skyglow Path	Black Reaper	Black Reaper				
20	Skyglow Path	Black Reaper	Black Reaper				
20	Skyglow Path	Marshorn					
20	Skyglow Path	Albatross	Great Guardian	Albatross			
20	Skyglow Path	Prism Shell	Devil Horn	Prism Shell			
20	Skyglow Path	Dinosaur	Dinosaur	Yellow Puppet			
20	Skyglow Path	Thoth	Thoth	Thoth			
20	Skyglow Path	Marshorn					
20	Skyglow Path	Onyx Griffon					
15	Cape Petal	Colossal Night Bird					
32	Mt. Bone-Eater	Griffon					
16	Lapis Crystal Cave	Cluster Beetle					
9	Baynort Road	Hide Stalker					
9	Baynort Road	Massive Beak					
9	Baynort Road	Jagd Wolf					
8	Folmin Mine	Venomous Threat					
10	Blyde Grasslands	Lara	Geron				
17	Shooting Star Lake	Geron	Lara				
17	Shooting Star Lake	King of Storms					
30	Dripcrystal Cave	Heavy Warrior Armor					
7	Val Mine	Megalogaia					
40	Darklit Tundra	Ancient Phantom					
13	Hill of Prayer	Megalogaia					
3	Forgotten Ruins	Big Puni					
-4294967296							[0, 0]
-1	Evermaze Forest	Puni	Lickshroom	Flower Pixie	Dryad	Giant Weasel	[1, 2]
-1	Evermaze Forest	Puni	Horned Sheep	Forest Jellyfish	Haunt	Ghost	[1, 2]
-1	Evermaze Forest	Green Puni	Spore Dog	Zephyr Pixie	Ice Flower Spirit	Bluefin	[3, 6]
-1	Evermaze Forest	Green Puni	Ashen Wool	Funny Face	Scare Phantom	Forest Jellyfish	[3, 6]
-1	Evermaze Forest	Flower Puni	Spore Dog	Flower Puni	Flower Gardener	Hide Stalker	[7, 10]
-1	Evermaze Forest	Flower Puni	Dreamcatcher	Funny Face	Scare Phantom	Man o' War	[7, 10]
-1	Evermaze Forest	Chaos Blossom	Man o' War	Scare Phantom			[7, 10]
-1	Evermaze Forest	Wandering Pariah					[1, 2]
-1	Evermaze Forest	Elder Fairy					[1, 2]
-1	Evermaze Forest	Wandering Pariah					[3, 6]
-1	Evermaze Forest	Elder Fairy					[3, 6]
-1	Evermaze Forest	Moonlight Pixie					[3, 6]
-1	Evermaze Forest	Elder Fairy					[7, 10]
-1	Evermaze Forest	Moonlight Pixie					[7, 10]
-1	Evermaze Forest	Silver Puni					[1, 2]
-1	Evermaze Forest	Gold Puni					[1, 2]
-1	Evermaze Forest	Silver Puni	Gold Puni				[1, 2]
-1	Evermaze Forest	Silver Puni					[1, 2]
-1	Evermaze Forest	Gold Puni					[1, 2]
-1	Evermaze Forest	Silver Puni	Gold Puni				[1, 2]
-1	Evermaze Forest	Silver Puni					[3, 6]
-1	Evermaze Forest	Gold Puni					[3, 6]
-1	Evermaze Forest	Silver Puni	Gold Puni				[3, 6]
-1	Evermaze Forest	Silver Puni					[3, 6]
-1	Evermaze Forest	Gold Puni					[3, 6]
-1	Evermaze Forest	Silver Puni	Gold Puni				[3, 6]
-1	Evermaze Forest	Silver Puni					[7, 10]
-1	Evermaze Forest	Gold Puni					[7, 10]
-1	Evermaze Forest	Silver Puni	Gold Puni				[7, 10]
-1	Evermaze Forest	Precious Puni					[7, 10]
-1	Evermaze Forest	Shining Puni					[7, 10]
-1	Evermaze Forest	Precious Puni	Shining Puni				[7, 10]
-1	Evermaze Forest	Silver Puni					[7, 10]
-1	Evermaze Forest	Gold Puni					[7, 10]
-1	Evermaze Forest	Silver Puni	Gold Puni				[7, 10]
-1	Evermaze Forest	Precious Puni					[7, 10]
-1	Evermaze Forest	Shining Puni					[7, 10]
-1	Evermaze Forest	Precious Puni	Shining Puni				[7, 10]
-2	Dripcrystal Cave	Green Puni	Stone Golem	Fanged Bat	Spore Dog	Hexagon Turtle	[1, 4]
-2	Dripcrystal Cave	Green Puni	Purple Puppet	Fanged Bat	Forest Jellyfish	Gargoyle	[1, 4]
-2	Dripcrystal Cave	Stone Golem	Meteorite Doll	Bleed, Wings of Calamity	Spore Dog	Black Shell	[5, 8]
-2	Dripcrystal Cave	Stone Golem	Blue Puppet	Bleed, Wings of Calamity	Man o' War	Tricker	[5, 8]
-2	Dripcrystal Cave	Meteorite Doll	Rock Puppet	Large Fang	Magician's Hat	Desert Turtle	[9, 12]
-2	Dripcrystal Cave	Meteorite Doll	Green Puppet	Large Fang	Man o' War	Tricker	[9, 12]
-2	Dripcrystal Cave	Failed Mixture					[1, 4]
-2	Dripcrystal Cave	Rock Golem					[1, 4]
-2	Dripcrystal Cave	Failed Mixture					[5, 8]
-2	Dripcrystal Cave	Rock Golem					[5, 8]
-2	Dripcrystal Cave	Scion of the Sands					[5, 8]
-2	Dripcrystal Cave	Rock Golem					[9, 12]
-2	Dripcrystal Cave	Scion of the Sands					[9, 12]
-2	Dripcrystal Cave	Silver Puni					[1, 4]
-2	Dripcrystal Cave	Gold Puni					[1, 4]
-2	Dripcrystal Cave	Silver Puni	Gold Puni				[1, 4]
-2	Dripcrystal Cave	Silver Puni					[1, 4]
-2	Dripcrystal Cave	Gold Puni					[1, 4]
-2	Dripcrystal Cave	Silver Puni	Gold Puni				[1, 4]
-2	Dripcrystal Cave	Silver Puni					[5, 8]
-2	Dripcrystal Cave	Gold Puni					[5, 8]
-2	Dripcrystal Cave	Silver Puni	Gold Puni				[5, 8]
-2	Dripcrystal Cave	Silver Puni					[5, 8]
-2	Dripcrystal Cave	Gold Puni					[5, 8]
-2	Dripcrystal Cave	Silver Puni	Gold Puni				[5, 8]
-2	Dripcrystal Cave	Silver Puni					[9, 12]
-2	Dripcrystal Cave	Gold Puni					[9, 12]
-2	Dripcrystal Cave	Silver Puni	Gold Puni				[9, 12]
-2	Dripcrystal Cave	Precious Puni					[9, 12]
-2	Dripcrystal Cave	Shining Puni					[9, 12]
-2	Dripcrystal Cave	Precious Puni	Shining Puni				[9, 12]
-2	Dripcrystal Cave	Silver Puni					[9, 12]
-2	Dripcrystal Cave	Gold Puni					[9, 12]
-2	Dripcrystal Cave	Silver Puni	Gold Puni				[9, 12]
-2	Dripcrystal Cave	Precious Puni					[9, 12]
-2	Dripcrystal Cave	Shining Puni					[9, 12]
-2	Dripcrystal Cave	Precious Puni	Shining Puni				[9, 12]
-3	Mt. Bone-Eater	Green Puni	Wolf	Spore Dog	Blue Puppet	Sprinting Bird	[1, 5]
-3	Mt. Bone-Eater	Green Puni	Mini Wyvern	Fanged Bat	Living Armor	Gargoyle	[1, 5]
-3	Mt. Bone-Eater	Zephyr Feather	Jagd Wolf	Magician's Hat	Green Puppet	Wild Crest	[6, 10]
-3	Mt. Bone-Eater	Flower Puni	Large Fang	Immortal Knight	Tricker		[6, 10]
-3	Mt. Bone-Eater	Red Puni	Elder Fang	Magician's Hat	Yellow Puppet		[11, 15]
-3	Mt. Bone-Eater	Red Puni	Devil Horn	Blade Fang	Yellow Puppet		[11, 15]
-3	Mt. Bone-Eater	Stout Drake	Devil Horn	Blade Fang	Massive Beak	Giant Sheep	[11, 15]
-3	Mt. Bone-Eater	Demon of Betrayal					[1, 5]
-3	Mt. Bone-Eater	Moldruff					[1, 5]
-3	Mt. Bone-Eater	Demon of Betrayal					[6, 10]
-3	Mt. Bone-Eater	Moldruff					[6, 10]
-3	Mt. Bone-Eater	Greedy Drake					[6, 10]
-3	Mt. Bone-Eater	Moldruff					[11, 15]
-3	Mt. Bone-Eater	Greedy Drake					[11, 15]
-3	Mt. Bone-Eater	Silver Puni					[1, 5]
-3	Mt. Bone-Eater	Gold Puni					[1, 5]
-3	Mt. Bone-Eater	Silver Puni	Gold Puni				[1, 5]
-3	Mt. Bone-Eater	Silver Puni					[1, 5]
-3	Mt. Bone-Eater	Gold Puni					[1, 5]
-3	Mt. Bone-Eater	Silver Puni	Gold Puni				[1, 5]
-3	Mt. Bone-Eater	Silver Puni					[6, 10]
-3	Mt. Bone-Eater	Gold Puni					[6, 10]
-3	Mt. Bone-Eater	Silver Puni	Gold Puni				[6, 10]
-3	Mt. Bone-Eater	Silver Puni					[6, 10]
-3	Mt. Bone-Eater	Gold Puni					[6, 10]
-3	Mt. Bone-Eater	Silver Puni	Gold Puni				[6, 10]
-3	Mt. Bone-Eater	Silver Puni					[11, 15]
-3	Mt. Bone-Eater	Gold Puni					[11, 15]
-3	Mt. Bone-Eater	Silver Puni	Gold Puni				[11, 15]
-3	Mt. Bone-Eater	Precious Puni					[11, 15]
-3	Mt. Bone-Eater	Shining Puni					[11, 15]
-3	Mt. Bone-Eater	Precious Puni	Shining Puni				[11, 15]
-3	Mt. Bone-Eater	Silver Puni					[11, 15]
-3	Mt. Bone-Eater	Gold Puni					[11, 15]
-3	Mt. Bone-Eater	Silver Puni	Gold Puni				[11, 15]
-3	Mt. Bone-Eater	Precious Puni					[11, 15]
-3	Mt. Bone-Eater	Shining Puni					[11, 15]
-3	Mt. Bone-Eater	Precious Puni	Shining Puni				[11, 15]
-4	Loiky Lava Cave	Red Puppet	Rock Puppet	Desert Turtle	Carrier	Chaos Blossom	[1, 5]
-4	Loiky Lava Cave	Red Puppet	Tricker	Apostle	Immortal Knight	Zephyr Feather	[1, 5]
-4	Loiky Lava Cave	Fairystone Puppet	Desert Turtle	Carrier	Chaos Blossom	Zephyr Feather	[6, 10]
-4	Loiky Lava Cave	Red Puppet	Fairystone Puppet	Devil Horn	Apostle	Immortal Knight	[6, 10]
-4	Loiky Lava Cave	Yellow Puppet	Metal Golem	Prism Shell	Burning Rose	Devil Horn	[11, 15]
-4	Loiky Lava Cave	Yellow Puppet	Devil Horn	Thoth	Burning Rose	Prism Shell	[11, 15]
-4	Loiky Lava Cave	Yellow Puppet	Devil Horn	Dinosaur	Giant Sheep	Draconic Lord	[11, 15]
-4	Loiky Lava Cave	Mighty Hauler					[1, 5]
-4	Loiky Lava Cave	Jewel Walker					[1, 5]
-4	Loiky Lava Cave	Mighty Hauler					[6, 10]
-4	Loiky Lava Cave	Jewel Walker					[6, 10]
-4	Loiky Lava Cave	Titanic Puppet					[6, 10]
-4	Loiky Lava Cave	Jewel Walker					[11, 15]
-4	Loiky Lava Cave	Titanic Puppet					[11, 15]
-4	Loiky Lava Cave	Silver Puni					[1, 5]
-4	Loiky Lava Cave	Gold Puni					[1, 5]
-4	Loiky Lava Cave	Silver Puni	Gold Puni				[1, 5]
-4	Loiky Lava Cave	Silver Puni					[1, 5]
-4	Loiky Lava Cave	Gold Puni					[1, 5]
-4	Loiky Lava Cave	Silver Puni	Gold Puni				[1, 5]
-4	Loiky Lava Cave	Silver Puni					[6, 10]
-4	Loiky Lava Cave	Gold Puni					[6, 10]
-4	Loiky Lava Cave	Silver Puni	Gold Puni				[6, 10]
-4	Loiky Lava Cave	Silver Puni					[6, 10]
-4	Loiky Lava Cave	Gold Puni					[6, 10]
-4	Loiky Lava Cave	Silver Puni	Gold Puni				[6, 10]
-4	Loiky Lava Cave	Silver Puni					[11, 15]
-4	Loiky Lava Cave	Gold Puni					[11, 15]
-4	Loiky Lava Cave	Silver Puni	Gold Puni				[11, 15]
-4	Loiky Lava Cave	Precious Puni					[11, 15]
-4	Loiky Lava Cave	Shining Puni					[11, 15]
-4	Loiky Lava Cave	Precious Puni	Shining Puni				[11, 15]
-4	Loiky Lava Cave	Silver Puni					[11, 15]
-4	Loiky Lava Cave	Gold Puni					[11, 15]
-4	Loiky Lava Cave	Silver Puni	Gold Puni				[11, 15]
-4	Loiky Lava Cave	Precious Puni					[11, 15]
-4	Loiky Lava Cave	Shining Puni					[11, 15]
-4	Loiky Lava Cave	Precious Puni	Shining Puni				[11, 15]
-5	Darklit Tundra	Big Puni	Fairystone Puppet	Scarf Bunny	Platinum Flower	Desert Turtle	[1, 6]
-5	Darklit Tundra	Big Puni	Elder Fang	Frost Bat	Deep Phantom	Magical Parasol	[1, 6]
-5	Darklit Tundra	Big Green Puni	Elder Fang	Scarf Bunny	Platinum Flower	Prism Shell	[7, 12]
-5	Darklit Tundra	Magical Parasol	Metal Golem	Frost Bat	Deep Phantom		[7, 12]
-5	Darklit Tundra	Elder Fang	Metal Golem	Scarf Bunny	Eternal Guardian	Prism Shell	[13, 18]
-5	Darklit Tundra	Scarf Bunny	Elder Fang	Blade Fang	Deep Phantom	Magical Parasol	[13, 18]
-5	Darklit Tundra	Big Red Puni	Elder Fang	Magical Parasol			[13, 18]
-5	Darklit Tundra	Covetous Devil					[1, 6]
-5	Darklit Tundra	Ghastly Grin					[1, 6]
-5	Darklit Tundra	Covetous Devil					[7, 12]
-5	Darklit Tundra	Ghastly Grin					[7, 12]
-5	Darklit Tundra	Frenzied Predator					[7, 12]
-5	Darklit Tundra	Ghastly Grin					[13, 18]
-5	Darklit Tundra	Frenzied Predator					[13, 18]
-5	Darklit Tundra	Silver Puni					[1, 6]
-5	Darklit Tundra	Gold Puni					[1, 6]
-5	Darklit Tundra	Silver Puni	Gold Puni				[1, 6]
-5	Darklit Tundra	Silver Puni					[1, 6]
-5	Darklit Tundra	Gold Puni					[1, 6]
-5	Darklit Tundra	Silver Puni	Gold Puni				[1, 6]
-5	Darklit Tundra	Silver Puni					[7, 12]
-5	Darklit Tundra	Gold Puni					[7, 12]
-5	Darklit Tundra	Silver Puni	Gold Puni				[7, 12]
-5	Darklit Tundra	Silver Puni					[7, 12]
-5	Darklit Tundra	Gold Puni					[7, 12]
-5	Darklit Tundra	Silver Puni	Gold Puni				[7, 12]
-5	Darklit Tundra	Silver Puni					[13, 18]
-5	Darklit Tundra	Gold Puni					[13, 18]
-5	Darklit Tundra	Silver Puni	Gold Puni				[13, 18]
-5	Darklit Tundra	Precious Puni					[13, 18]
-5	Darklit Tundra	Shining Puni					[13, 18]
-5	Darklit Tundra	Precious Puni	Shining Puni				[13, 18]
-5	Darklit Tundra	Silver Puni					[13, 18]
-5	Darklit Tundra	Gold Puni					[13, 18]
-5	Darklit Tundra	Silver Puni	Gold Puni				[13, 18]
-5	Darklit Tundra	Precious Puni					[13, 18]
-5	Darklit Tundra	Shining Puni					[13, 18]
-5	Darklit Tundra	Precious Puni	Shining Puni				[13, 18]
-6	Ancient Capital Corridors	Fairystone Puppet	Jagd Wolf	Red Puppet	Tricker	Great Guardian	[1, 3]
-6	Ancient Capital Corridors	Fairystone Puppet	Man o' War	Thoth	Great Guardian	Carrier	[1, 3]
-6	Ancient Capital Corridors	Jagd Wolf	Red Puppet	Tricker	Thoth	Carrier	[4, 6]
-6	Ancient Capital Corridors	Jagd Wolf	Fairystone Puppet	Man o' War	Thoth		[4, 6]
-6	Ancient Capital Corridors	Fairystone Puppet	Red Puppet	Tricker	Thoth		[7, 9]
-6	Ancient Capital Corridors	Jagd Wolf	Man o' War	Thoth			[7, 9]
-6	Ancient Capital Corridors	Noble Archwolf					[1, 3]
-6	Ancient Capital Corridors	Big Muscular Bird					[1, 3]
-6	Ancient Capital Corridors	Noble Archwolf					[4, 6]
-6	Ancient Capital Corridors	Big Muscular Bird					[4, 6]
-6	Ancient Capital Corridors	Colossal Crag					[4, 6]
-6	Ancient Capital Corridors	Big Muscular Bird					[7, 9]
-6	Ancient Capital Corridors	Colossal Crag					[7, 9]
-6	Ancient Capital Corridors	Silver Puni					[1, 6]
-6	Ancient Capital Corridors	Gold Puni					[1, 6]
-6	Ancient Capital Corridors	Silver Puni	Gold Puni				[1, 6]
-6	Ancient Capital Corridors	Silver Puni					[1, 6]
-6	Ancient Capital Corridors	Gold Puni					[1, 6]
-6	Ancient Capital Corridors	Silver Puni	Gold Puni				[1, 6]
-6	Ancient Capital Corridors	Silver Puni					[7, 9]
-6	Ancient Capital Corridors	Gold Puni					[7, 9]
-6	Ancient Capital Corridors	Silver Puni	Gold Puni				[7, 9]
-6	Ancient Capital Corridors	Precious Puni					[7, 9]
-6	Ancient Capital Corridors	Shining Puni					[7, 9]
-6	Ancient Capital Corridors	Precious Puni	Shining Puni				[7, 9]
-6	Ancient Capital Corridors	Silver Puni					[7, 9]
-6	Ancient Capital Corridors	Gold Puni					[7, 9]
-6	Ancient Capital Corridors	Silver Puni	Gold Puni				[7, 9]
-6	Ancient Capital Corridors	Precious Puni					[7, 9]
-6	Ancient Capital Corridors	Shining Puni					[7, 9]
-6	Ancient Capital Corridors	Precious Puni	Shining Puni				[7, 9]
-7	Evermaze Forest: Peculiar	Puni	Spore Dog	Flower Pixie	Dryad	Giant Weasel	[1, 5]
-7	Evermaze Forest: Peculiar	Puni	Horned Sheep	Haunt	Ghost	Forest Jellyfish	[1, 5]
-7	Evermaze Forest: Peculiar	Green Puni	Magician's Hat	Zephyr Pixie	Ice Flower Spirit	Bluefin	[6, 10]
-7	Evermaze Forest: Peculiar	Green Puni	Ashen Wool	Funny Face	Scare Phantom	Forest Jellyfish	[6, 10]
-7	Evermaze Forest: Peculiar	Dreamcatcher	Magician's Hat	Flower Puni	Flower Gardener	Hide Stalker	[11, 15]
-7	Evermaze Forest: Peculiar	Flower Puni	Dreamcatcher	Funny Face	Scare Phantom	Man o' War	[11, 15]
-7	Evermaze Forest: Peculiar	Chaos Blossom	Dreamcatcher	Funny Face	Flower Gardener	Man o' War	[11, 15]
-7	Evermaze Forest: Peculiar	Wandering Pariah					[1, 5]
-7	Evermaze Forest: Peculiar	Elder Fairy					[1, 5]
-7	Evermaze Forest: Peculiar	Wandering Pariah					[6, 10]
-7	Evermaze Forest: Peculiar	Elder Fairy					[6, 10]
-7	Evermaze Forest: Peculiar	Moonlight Pixie					[6, 10]
-7	Evermaze Forest: Peculiar	Elder Fairy					[11, 15]
-7	Evermaze Forest: Peculiar	Moonlight Pixie					[11, 15]
-7	Evermaze Forest: Peculiar	Silver Puni					[1, 15]
-7	Evermaze Forest: Peculiar	Gold Puni					[1, 15]
-7	Evermaze Forest: Peculiar	Silver Puni	Gold Puni				[1, 15]
-7	Evermaze Forest: Peculiar	Precious Puni					[1, 15]
-7	Evermaze Forest: Peculiar	Shining Puni					[1, 15]
-7	Evermaze Forest: Peculiar	Precious Puni	Shining Puni				[1, 15]
-7	Evermaze Forest: Peculiar	Silver Puni					[1, 15]
-7	Evermaze Forest: Peculiar	Gold Puni					[1, 15]
-7	Evermaze Forest: Peculiar	Silver Puni	Gold Puni				[1, 15]
-7	Evermaze Forest: Peculiar	Precious Puni					[1, 15]
-7	Evermaze Forest: Peculiar	Shining Puni					[1, 15]
-7	Evermaze Forest: Peculiar	Precious Puni	Shining Puni				[1, 15]
-8	Dripcrystal Cave: Peculiar	Green Puni	Stone Golem	Fanged Bat	Lickshroom	Hexagon Turtle	[1, 5]
-8	Dripcrystal Cave: Peculiar	Green Puni	Purple Puppet	Fanged Bat	Forest Jellyfish	Gargoyle	[1, 5]
-8	Dripcrystal Cave: Peculiar	Stone Golem	Meteorite Doll	Bleed, Wings of Calamity	Lickshroom	Black Shell	[6, 10]
-8	Dripcrystal Cave: Peculiar	Stone Golem	Blue Puppet	Bleed, Wings of Calamity	Man o' War	Tricker	[6, 10]
-8	Dripcrystal Cave: Peculiar	Meteorite Doll	Rock Puppet	Large Fang	Magician's Hat	Desert Turtle	[11, 15]
-8	Dripcrystal Cave: Peculiar	Meteorite Doll	Green Puppet	Large Fang	Man o' War	Tricker	[11, 15]
-8	Dripcrystal Cave: Peculiar	Failed Mixture					[1, 5]
-8	Dripcrystal Cave: Peculiar	Rock Golem					[1, 5]
-8	Dripcrystal Cave: Peculiar	Failed Mixture					[6, 10]
-8	Dripcrystal Cave: Peculiar	Rock Golem					[6, 10]
-8	Dripcrystal Cave: Peculiar	Scion of the Sands					[6, 10]
-8	Dripcrystal Cave: Peculiar	Rock Golem					[11, 15]
-8	Dripcrystal Cave: Peculiar	Scion of the Sands					[11, 15]
-8	Dripcrystal Cave: Peculiar	Silver Puni					[1, 15]
-8	Dripcrystal Cave: Peculiar	Gold Puni					[1, 15]
-8	Dripcrystal Cave: Peculiar	Silver Puni	Gold Puni				[1, 15]
-8	Dripcrystal Cave: Peculiar	Precious Puni					[1, 15]
-8	Dripcrystal Cave: Peculiar	Shining Puni					[1, 15]
-8	Dripcrystal Cave: Peculiar	Precious Puni	Shining Puni				[1, 15]
-8	Dripcrystal Cave: Peculiar	Silver Puni					[1, 15]
-8	Dripcrystal Cave: Peculiar	Gold Puni					[1, 15]
-8	Dripcrystal Cave: Peculiar	Silver Puni	Gold Puni				[1, 15]
-8	Dripcrystal Cave: Peculiar	Precious Puni					[1, 15]
-8	Dripcrystal Cave: Peculiar	Shining Puni					[1, 15]
-8	Dripcrystal Cave: Peculiar	Precious Puni	Shining Puni				[1, 15]
-9	Mt. Bone-Eater: Peculiar	Green Puni	Wolf	Lickshroom	Blue Puppet	Sprinting Bird	[1, 5]
-9	Mt. Bone-Eater: Peculiar	Green Puni	Mini Wyvern	Fanged Bat	Living Armor	Gargoyle	[1, 5]
-9	Mt. Bone-Eater: Peculiar	Flower Puni	Jagd Wolf	Wild Crest	Green Puppet	Zephyr Feather	[6, 10]
-9	Mt. Bone-Eater: Peculiar	Flower Puni	Large Fang	Immortal Knight	Tricker	Spore Dog	[6, 10]
-9	Mt. Bone-Eater: Peculiar	Red Puni	Magician's Hat	Yellow Puppet	Elder Fang		[11, 15]
-9	Mt. Bone-Eater: Peculiar	Red Puni	Blade Fang	Devil Horn	Elder Fang		[11, 15]
-9	Mt. Bone-Eater: Peculiar	Giant Sheep	Blade Fang	Devil Horn	Stout Drake	Massive Beak	[11, 15]
-9	Mt. Bone-Eater: Peculiar	Demon of Betrayal					[1, 5]
-9	Mt. Bone-Eater: Peculiar	Moldruff					[1, 5]
-9	Mt. Bone-Eater: Peculiar	Demon of Betrayal					[6, 10]
-9	Mt. Bone-Eater: Peculiar	Moldruff					[6, 10]
-9	Mt. Bone-Eater: Peculiar	Greedy Drake					[6, 10]
-9	Mt. Bone-Eater: Peculiar	Moldruff					[11, 15]
-9	Mt. Bone-Eater: Peculiar	Greedy Drake					[11, 15]
-9	Mt. Bone-Eater: Peculiar	Silver Puni					[1, 15]
-9	Mt. Bone-Eater: Peculiar	Gold Puni					[1, 15]
-9	Mt. Bone-Eater: Peculiar	Silver Puni	Gold Puni				[1, 15]
-9	Mt. Bone-Eater: Peculiar	Precious Puni					[1, 15]
-9	Mt. Bone-Eater: Peculiar	Shining Puni					[1, 15]
-9	Mt. Bone-Eater: Peculiar	Precious Puni	Shining Puni				[1, 15]
-9	Mt. Bone-Eater: Peculiar	Silver Puni					[1, 15]
-9	Mt. Bone-Eater: Peculiar	Gold Puni					[1, 15]
-9	Mt. Bone-Eater: Peculiar	Silver Puni	Gold Puni				[1, 15]
-9	Mt. Bone-Eater: Peculiar	Precious Puni					[1, 15]
-9	Mt. Bone-Eater: Peculiar	Shining Puni					[1, 15]
-9	Mt. Bone-Eater: Peculiar	Precious Puni	Shining Puni				[1, 15]
-10	Loiky Lava Cave: Peculiar	Red Puppet	Rock Puppet	Desert Turtle	Carrier	Chaos Blossom	[1, 5]
-10	Loiky Lava Cave: Peculiar	Red Puppet	Tricker	Apostle	Immortal Knight	Zephyr Feather	[1, 5]
-10	Loiky Lava Cave: Peculiar	Zephyr Feather	Fairystone Puppet	Desert Turtle	Carrier	Chaos Blossom	[6, 10]
-10	Loiky Lava Cave: Peculiar	Red Puppet	Devil Horn	Apostle	Immortal Knight	Fairystone Puppet	[6, 10]
-10	Loiky Lava Cave: Peculiar	Yellow Puppet	Metal Golem	Prism Shell	Burning Rose	Thoth	[11, 15]
-10	Loiky Lava Cave: Peculiar	Yellow Puppet	Devil Horn	Thoth	Metal Golem		[11, 15]
-10	Loiky Lava Cave: Peculiar	Dinosaur	Giant Sheep	Draconic Lord	Burning Rose		[11, 15]
-10	Loiky Lava Cave: Peculiar	Mighty Hauler					[1, 5]
-10	Loiky Lava Cave: Peculiar	Jewel Walker					[1, 5]
-10	Loiky Lava Cave: Peculiar	Mighty Hauler					[6, 10]
-10	Loiky Lava Cave: Peculiar	Jewel Walker					[6, 10]
-10	Loiky Lava Cave: Peculiar	Titanic Puppet					[6, 10]
-10	Loiky Lava Cave: Peculiar	Jewel Walker					[11, 15]
-10	Loiky Lava Cave: Peculiar	Titanic Puppet					[11, 15]
-10	Loiky Lava Cave: Peculiar	Silver Puni					[1, 15]
-10	Loiky Lava Cave: Peculiar	Gold Puni					[1, 15]
-10	Loiky Lava Cave: Peculiar	Silver Puni	Gold Puni				[1, 15]
-10	Loiky Lava Cave: Peculiar	Precious Puni					[1, 15]
-10	Loiky Lava Cave: Peculiar	Shining Puni					[1, 15]
-10	Loiky Lava Cave: Peculiar	Precious Puni	Shining Puni				[1, 15]
-10	Loiky Lava Cave: Peculiar	Silver Puni					[1, 15]
-10	Loiky Lava Cave: Peculiar	Gold Puni					[1, 15]
-10	Loiky Lava Cave: Peculiar	Silver Puni	Gold Puni				[1, 15]
-10	Loiky Lava Cave: Peculiar	Precious Puni					[1, 15]
-10	Loiky Lava Cave: Peculiar	Shining Puni					[1, 15]
-10	Loiky Lava Cave: Peculiar	Precious Puni	Shining Puni				[1, 15]
-11	Darklit Tundra: Peculiar	Big Puni	Fairystone Puppet	Scarf Bunny	Elder Fang	Platinum Flower	[1, 5]
-11	Darklit Tundra: Peculiar	Big Puni	Frost Bat	Deep Phantom	Desert Turtle	Magical Parasol	[1, 5]
-11	Darklit Tundra: Peculiar	Big Green Puni	Scarf Bunny	Platinum Flower	Elder Fang	Prism Shell	[6, 10]
-11	Darklit Tundra: Peculiar	Magical Parasol	Metal Golem	Frost Bat	Deep Phantom		[6, 10]
-11	Darklit Tundra: Peculiar	Prism Shell	Metal Golem	Scarf Bunny	Deep Phantom	Blade Fang	[11, 15]
-11	Darklit Tundra: Peculiar	Elder Fang	Blade Fang	Deep Phantom	Eternal Guardian	Magical Parasol	[11, 15]
-11	Darklit Tundra: Peculiar	Big Red Puni	Blade Fang	Deep Phantom	Eternal Guardian	Magical Parasol	[11, 15]
-11	Darklit Tundra: Peculiar	Covetous Devil					[1, 5]
-11	Darklit Tundra: Peculiar	Ghastly Grin					[1, 5]
-11	Darklit Tundra: Peculiar	Covetous Devil					[6, 10]
-11	Darklit Tundra: Peculiar	Ghastly Grin					[6, 10]
-11	Darklit Tundra: Peculiar	Frenzied Predator					[6, 10]
-11	Darklit Tundra: Peculiar	Ghastly Grin					[11, 15]
-11	Darklit Tundra: Peculiar	Frenzied Predator					[11, 15]
-11	Darklit Tundra: Peculiar	Silver Puni					[1, 15]
-11	Darklit Tundra: Peculiar	Gold Puni					[1, 15]
-11	Darklit Tundra: Peculiar	Silver Puni	Gold Puni				[1, 15]
-11	Darklit Tundra: Peculiar	Precious Puni					[1, 15]
-11	Darklit Tundra: Peculiar	Shining Puni					[1, 15]
-11	Darklit Tundra: Peculiar	Precious Puni	Shining Puni				[1, 15]
-11	Darklit Tundra: Peculiar	Silver Puni					[1, 15]
-11	Darklit Tundra: Peculiar	Gold Puni					[1, 15]
-11	Darklit Tundra: Peculiar	Silver Puni	Gold Puni				[1, 15]
-11	Darklit Tundra: Peculiar	Precious Puni					[1, 15]
-11	Darklit Tundra: Peculiar	Shining Puni					[1, 15]
-11	Darklit Tundra: Peculiar	Precious Puni	Shining Puni				[1, 15]
