text_ENG	Gift1	Gift2	Gift3	text_JPN	text_CHS	text_CHT	text_KOR	Char	Flag
The Swindler's Trap	Ingot Bug			悪徳商人の罠	黑心商人的陷阱	黑心商人的陷阱	악덕 상인의 함정	Judie	0
Cold Desert Nights	Goldinite			砂漠の夜対策	沙漠夜晚的御寒装备	沙漠夜晚的禦寒裝備	사막의 밤 대책	Mu	0
Honey Cheesecake	Eternal Breeze			はちみつチーズケーキ	蜂蜜奶酪蛋糕	蜂蜜乳酪蛋糕	꿀 치즈 케이크	Elie	0
Save the Carrots!	Eternal Crystal			にんじんのために！	为了胡萝卜！	為了胡蘿蔔！	당근을 위해!	Viorate	0
Take to the Skies	Sour Apple			空への憧れ	对天空的向往	對天空的嚮往	하늘에 대한 동경	Shallotte	0
Saving Strays	Magma Powder			動物愛護精神	爱护小动物	愛護小動物	동물 애호 정신	Vayne	0
Perfect Polish	Moonlight Firefly			お手入れ道具	保养道具	保養工具	손질 도구	Klaudia	0
The Voice of the Plants	Eternal Blossom			植物の声	植物之声	植物的聲音	식물의 목소리	Oskar	0
Still Windmills	Black Volcanic Ore			止まった風車	停转的风车	停擺的風車	멈춰버린 풍차	Firis	0
Otherworldly Apples	Ancient Sword			異世界のリンゴ物語	异世界苹果传说	異世界蘋果傳說	이세계 사과 이야기	Logy	0
Milk Dealer	Delicious Milk			ミルクと商い	牛奶和生意	牛奶與生意	우유와 영업	Corneria	0
Mmm ... Dragon	Rapier Fish			美味しい？竜のお肉	龙肉很美味吗？	美味的龍肉？	맛있어? 용의 고기	Shallistera	0
Putting Experience to Use	Golden Crown			開拓の経験を活かして	善用振兴经验	善用振興的經驗	개척 경험을 살려	Meruru	0
Soil Potato Stew	Mysterious Metal Shard			思い出のシチュー	回忆中的炖菜	回憶中的燉湯	추억의 스튜	Plachta	0
Explosive Enhancement	Red Hot Crystal			爆弾娘の爆弾事情	炸弹女孩的炸弹经	炸彈女孩的炸彈經	폭탄 아가씨의 폭탄 사정	Marie	0
Demon on the Cape	Darkness Petal			悪魔来りて	恶魔来袭	惡魔來襲	악마가 오다	Ayesha	0
Watch Your Feet!	Powerful Fish Bait			足元に気を付けろ	小心脚下	小心腳底	발밑을 조심해	Ryza	0
Best-Selling Item	Dragon Hourglass			一番ウリにしている道具	打造最棒的道具	打造最棒的道具	가장 공들인 도구	Judie	0
On an Escort Mission	Sun Necklace			護衛も冒険者のお仕事	护卫也是冒险者的本分	護衛也是冒險者的本分	호위도 모험가의 일	Mu	0
The Shadow in the Cavern	Charicheese			洞窟に待つ者	等在洞窟里的人	等在洞窟裡的人	동굴에서 기다리는 자	Elie	0
The Monster's Lair	Wish Carrot			魔物の穴倉	魔物的地窖	魔物的地窖	몬스터의 움집	Viorate	0
Beware the Giant Sheep	Alchemist's Broom			巨大なモフモフ	毛茸茸的大家伙	毛茸茸的大傢伙	거대한 복슬복슬	Shallotte	0
A Walking Mountain	Nyclo Cloth			迫る岩山	岩山的威胁	岩山的威脅	다가오는 바위산	Vayne	0
A Monster Wanderer?	Klaudia's Sweets			異界の生物？	异界生物？	異界生物？	이계의 생물?	Klaudia	0
Terror of the Plants	Dunkelheit			怯える植物	胆小的植物	膽小的植物	겁먹은 식물	Oskar	0
Mining Dangers	Roasted Rabbit			採掘は危険がいっぱい	危机四伏的采掘	危機四伏的挖掘	채굴에는 위험이 잔뜩	Firis	0
Same Monster?	Purifying Liquid			同一種？	同一种魔物？	一樣的魔物？	동일한 종?	Logy	0
Save the Milk!	Music Box of Memory			ミルクを守れ	捍卫牛奶	捍衛牛奶	우유를 지켜라	Corneria	0
Replacement Needed	Marbled Meat			求む代行者	求好心人代劳	徵求好心人代勞	요청하는 대행자	Shallistera	0
Avenge Me!	Pure Truffle			かたき討ち	报仇雪恨	報仇雪恨	복수	Meruru	0
The Creature in the Dark	Alchemic Wind-Up Key			暗闇に潜む者	黑暗中的潜伏者	黑暗中的潛伏者	어둠 속에 숨은 자	Plachta	0
Monster Seeker	Philosopher's Stones			標的はどこ？	目标在哪？	目標在哪裡？	표적은 어디?	Marie	0
Puniphobia	Star Ladybug			恐怖のぷにぷに	恐怖的噗尼噗尼	恐怖的噗尼噗尼	공포의 푸니푸니	0	1
Furious Family	Silver Web	Gold Steel Web		暴走する母子を止めろ	阻止发狂的母子	阻止發狂的母子	폭주하는 모자를 멈춰라	0	1
Golem Mining	Expiation Worm	Baby Wyrm		ゴーレム材の可能性を拓く	开发魔巨人素材的潜力	開發魔巨人素材的潛力	골렘재의 가능성을 개척	0	1
Stubborn Sentinel	Diopside	Indignant Scream	Forest Sage	その番兵は誰がために？	为谁站岗？	為誰站崗？	파수꾼은 누구를 위해?	0	1
Wandering Weasels	Mossy Stone			イタチの生態に迫る	调查鼬的生态	調查鼬的生態	족제비의 생태에 대해	0	1
Punish the Grave Robber	Sky Bubble	Steam Uni		墓荒らし、許すべからず	盗墓者罪该万死	盜墓者罪該萬死	도굴꾼, 용납할 수 없다	0	1
Waking Nightmare	Honey Fungus	Devil's Soul		覚めない悪夢	永不醒来的噩梦	醒不來的惡夢	깨지 않는 악몽	0	1
A Dire Lament	Chainweb	Mine Ant	Emperor Uni	弔い	吊唁	弔唁	애도	0	1
Studying Beast Behavior	Pourpremoule			ケモノの性質を究める	研究魔兽的习性	研究魔獸的習性	짐승의 성질을 알아내다	0	1
Fresh from the Sea	Smech	Spirit Dew		海の素材は鮮度が大事	海货当然要新鲜	海產就是要新鮮	바다 소재는 신선해야 해	0	1
Wyvern Sighting	Charred Bark	Steam Uni		メガ凄い！翼竜	巨无霸翼龙！	巨無霸翼龍！	엄청나게 굉장한 익룡	0	1
Blossoms of Remembrance	Undastone	Gold Ball	Snow Queen	薫る花に君を憶う	香花忆佳人	香花憶佳人	꽃에서 너를 떠올리다	0	1
An End to Illness	Bitter Root			病まない国への第一歩	打造健康国度的第一步	打造健康國度的第一步	병들지 않는 나라를 위해	0	1
A Battle for the Tales	Rotting Arbor Twig	Heatwave Water		アドリブ幻想奇譚	即兴幻想	即興幻想記	애드리브 환상 기담	0	1
Phantom Trespasser	Honey Fungus	Yuqtul Frog		青き闖入者	蓝色入侵者	藍色侵入者	푸른 침입자	0	1
Moonlit Memories	Celestial Silver Stone	Dark Dew	Everlasting Saft	出づる月に君を憶う	明月忆佳人	明月憶佳人	달에서 너를 떠올리다	0	1
Master Herbologist	Mana Petal			植物集めの達人	植物采集专家	植物採集專家	식물 수집의 달인	Ayesha	1
The More the Merrier	Goldinite			一石二鳥か、三鳥か	一箭双……也许是三雕	一石二鳥或三鳥	일석이조인가, 삼조인가	Ryza	1
Sharing the Spoils	Sparkling Sand			変わった素材のおすそ分け	分享特殊素材	分享特殊素材	특이한 소재 나눔	Judie	1
Gather Where It's Warm	Elder Garlic			あったかいもの集め	收集温暖的东西	蒐集溫暖的東西	따뜻한 것 모으기	Mu	1
Rare Ingredients	Rainbow Coral Fragment			希少性の高い素材	极其罕见的素材	極罕見的素材	희소성이 높은 소재	Elie	1
For the Carrots!	Mine Ant			にんじんのためなら！	一切都为胡萝卜！	一切都是為了胡蘿蔔！	당근을 위해서라면!	Viorate	1
Edible Fuel	Zafloa Oil			食べられる燃料	可食用的燃料	可食用的燃料	먹을 수 있는 연료	Shallotte	1
Giving Back	Sunbeam Powder			感謝の気持ち	感恩的心	感恩的心	감사의 마음	Vayne	1
Exclusive Ingredients	Spirit Dew			ここにしかないモノ	这里才有的东西	這裡才有的東西	여기밖에 없는 것	Klaudia	1
The Plant Whisperer	Indignant Scream			お願い植物さん	拜托植物帮帮忙	拜託植物幫幫忙	부탁해, 식물아	Oskar	1
Alchemist's Gathering Trip	Rainbow Wing Fragment			錬金術士の採取旅	炼金术士的采集之旅	鍊金術士的採集之旅	연금술사의 채집 여행	Firis	1
Alchemy Support	Mysterious Metal Shard			錬金術のサポート	炼金术支援	支援鍊金術	연금술 서포트	Logy	1
Stocking the Shelves	Eternal Breeze			商品調達	调度商品	調度商品	상품 조달	Corneria	1
Prepping for Synthesis	Feather Draft			万全なる準備のために	有备无患	有備無患	만반의 준비를 위해	Shallistera	1
Mushroom Mania	Dreamy Crown			キノコ大好きお姫様	钟情蘑菇的公主	對菇情有獨鍾的公主	버섯을 좋아하는 공주님	Meruru	1
Research Materials	Celestial Silver Stone			素材時々研究素材	素材也能用于研究	素材也能用於學術研究	소재 때때로 연구 재료	Plachta	1
A Tonic for Tiredness	Golden Fruit			疲れた時の特効薬	疲劳时的特效药	疲勞時的特效藥	피곤할 때의 특효약	Marie	1
Master Herbologist	Mana Petal	Darkness Petal		植物集めの達人	植物采集专家	植物採集專家	식물 수집의 달인	Ayesha	1
The More the Merrier	Goldinite	Powerful Fish Bait		一石二鳥か、三鳥か	一箭双……也许是三雕	一石二鳥或三鳥	일석이조인가, 삼조인가	Ryza	1
Sharing the Spoils	Sparkling Sand	Dragon Hourglass		変わった素材のおすそ分け	分享特殊素材	分享特殊素材	특이한 소재 나눔	Judie	1
Gather Where It's Warm	Elder Garlic	Sun Necklace		あったかいもの集め	收集温暖的东西	蒐集溫暖的東西	따뜻한 것 모으기	Mu	1
Rare Ingredients	Rainbow Coral Fragment	Charicheese		希少性の高い素材	极其罕见的素材	極罕見的素材	희소성이 높은 소재	Elie	1
For the Carrots!	Mine Ant	Wish Carrot		にんじんのためなら！	一切都为胡萝卜！	一切都是為了胡蘿蔔！	당근을 위해서라면!	Viorate	1
Edible Fuel	Zafloa Oil	Alchemist's Broom		食べられる燃料	可食用的燃料	可食用的燃料	먹을 수 있는 연료	Shallotte	1
Giving Back	Sunbeam Powder	Nyclo Cloth		感謝の気持ち	感恩的心	感恩的心	감사의 마음	Vayne	1
Exclusive Ingredients	Spirit Dew	Klaudia's Sweets		ここにしかないモノ	这里才有的东西	這裡才有的東西	여기밖에 없는 것	Klaudia	1
The Plant Whisperer	Indignant Scream	Dunkelheit		お願い植物さん	拜托植物帮帮忙	拜託植物幫幫忙	부탁해, 식물아	Oskar	1
Alchemist's Gathering Trip	Rainbow Wing Fragment	Roasted Rabbit		錬金術士の採取旅	炼金术士的采集之旅	鍊金術士的採集之旅	연금술사의 채집 여행	Firis	1
Alchemy Support	Mysterious Metal Shard	Purifying Liquid		錬金術のサポート	炼金术支援	支援鍊金術	연금술 서포트	Logy	1
Stocking the Shelves	Eternal Breeze	Music Box of Memory		商品調達	调度商品	調度商品	상품 조달	Corneria	1
Prepping for Synthesis	Feather Draft	Marbled Meat		万全なる準備のために	有备无患	有備無患	만반의 준비를 위해	Shallistera	1
Mushroom Mania	Dreamy Crown	Pure Truffle		キノコ大好きお姫様	钟情蘑菇的公主	對菇情有獨鍾的公主	버섯을 좋아하는 공주님	Meruru	1
Research Materials	Celestial Silver Stone	Alchemic Wind-Up Key		素材時々研究素材	素材也能用于研究	素材也能用於學術研究	소재 때때로 연구 재료	Plachta	1
A Tonic for Tiredness	Golden Fruit	Philosopher's Stones		疲れた時の特効薬	疲劳时的特效药	疲勞時的特效藥	피곤할 때의 특효약	Marie	1
